Emp_ID,Date_Posted
6,3/9/2023
8,3/29/2023
9,3/17/2023
5,3/16/2023
7,3/20/2023
4,2/21/2023
10,3/15/2023
9,1/6/2023
3,1/31/2023
4,1/27/2023
4,1/23/2023
1,3/27/2023
2,3/27/2023
10,3/7/2023
2,1/10/2023
7,1/29/2023
6,3/13/2023
2,2/9/2023
5,3/16/2023
9,1/3/2023
1,2/23/2023
1,1/20/2023
2,3/14/2023
9,3/29/2023
8,2/5/2023
2,3/28/2023
5,1/17/2023
10,1/19/2023
8,1/27/2023
4,1/29/2023
5,2/3/2023
2,2/6/2023
1,1/11/2023
2,2/8/2023
5,1/28/2023
2,1/2/2023
6,3/22/2023
4,1/16/2023
9,2/1/2023
5,3/14/2023
2,1/10/2023
5,1/11/2023
3,1/26/2023
6,2/6/2023
6,2/8/2023
2,2/21/2023
8,2/13/2023
7,2/2/2023
6,1/25/2023
8,3/16/2023
9,3/10/2023
5,2/2/2023
7,3/2/2023
4,2/1/2023
10,2/25/2023
9,2/18/2023
3,2/8/2023
4,3/6/2023
4,1/12/2023
1,2/24/2023
2,2/8/2023
10,4/1/2023
2,3/3/2023
7,1/18/2023
6,3/10/2023
2,3/8/2023
5,2/1/2023
7,1/22/2023
4,3/12/2023
7,1/31/2023
10,1/19/2023
10,2/12/2023
7,3/3/2023
4,1/8/2023
1,1/19/2023
7,3/28/2023
3,3/3/2023
1,1/6/2023
6,2/19/2023
2,3/17/2023
6,1/9/2023
1,4/1/2023
1,2/5/2023
4,2/7/2023
6,1/20/2023
2,1/11/2023
4,3/12/2023
10,2/17/2023
9,3/2/2023
9,3/24/2023
3,3/18/2023
1,2/22/2023
6,1/6/2023
10,3/14/2023
8,1/27/2023
1,2/17/2023
3,2/16/2023
1,1/29/2023
6,2/12/2023
4,3/17/2023
10,2/23/2023
7,1/15/2023
1,1/18/2023
3,2/8/2023
1,2/24/2023
6,1/18/2023
10,1/9/2023
8,3/11/2023
1,3/18/2023
3,3/13/2023
1,2/19/2023
6,2/12/2023
4,1/26/2023
10,1/8/2023
7,2/12/2023
10,1/10/2023
1,3/13/2023
4,1/25/2023
1,3/28/2023
4,1/5/2023
3,3/7/2023
3,3/1/2023
5,1/23/2023
5,1/25/2023
7,1/7/2023
3,2/5/2023
2,2/23/2023
7,2/9/2023
9,1/21/2023
5,4/1/2023
1,2/8/2023
2,3/29/2023
5,1/27/2023
2,3/25/2023
7,3/14/2023
5,2/27/2023
7,3/18/2023
7,3/2/2023
8,3/23/2023
6,3/13/2023
1,2/16/2023
1,1/19/2023
2,2/28/2023
5,3/25/2023
10,3/27/2023
8,3/8/2023
9,2/3/2023
7,3/8/2023
4,3/12/2023
10,1/19/2023
5,1/6/2023
9,1/8/2023
10,2/13/2023
2,2/19/2023
4,1/15/2023
6,3/24/2023
2,2/6/2023
7,3/5/2023
5,1/8/2023
2,3/9/2023
3,1/19/2023
10,1/29/2023
1,3/2/2023
9,4/1/2023
8,3/3/2023
3,2/5/2023
2,3/20/2023
2,2/21/2023
8,3/28/2023
6,1/21/2023
10,3/5/2023
7,3/16/2023
6,2/10/2023
10,1/30/2023
1,2/11/2023
4,3/1/2023
3,2/6/2023
1,1/25/2023
6,3/14/2023
10,2/17/2023
8,3/29/2023
1,2/24/2023
3,3/20/2023
1,3/20/2023
6,1/22/2023
4,1/13/2023
10,3/18/2023
7,3/23/2023
1,2/11/2023
3,1/3/2023
1,1/6/2023
6,3/4/2023
10,2/14/2023
8,2/18/2023
2,2/8/2023
2,3/24/2023
9,3/7/2023
2,2/6/2023
2,3/29/2023
2,3/9/2023
9,3/15/2023
6,3/5/2023
4,2/13/2023
2,3/18/2023
7,2/26/2023
5,3/1/2023
1,3/16/2023
7,2/11/2023
4,2/15/2023
8,2/7/2023
8,3/27/2023
1,2/27/2023
9,3/24/2023
10,3/15/2023
7,1/27/2023
9,2/25/2023
4,1/26/2023
3,1/21/2023
3,1/1/2023
4,2/19/2023
3,3/11/2023
9,1/18/2023
10,2/4/2023
4,1/12/2023
5,2/5/2023
7,3/19/2023
5,1/2/2023
2,3/6/2023
5,3/18/2023
8,2/13/2023
4,2/27/2023
3,3/1/2023
6,1/31/2023
7,2/11/2023
3,1/19/2023
1,3/23/2023
1,3/17/2023
5,2/10/2023
9,1/7/2023
2,1/31/2023
8,2/15/2023
2,3/16/2023
7,1/5/2023
10,3/7/2023
10,1/31/2023
8,2/28/2023
8,2/21/2023
8,1/7/2023
5,1/5/2023
6,3/11/2023
5,2/7/2023
8,1/4/2023
10,3/25/2023
5,3/8/2023
10,2/21/2023
5,2/26/2023
5,2/15/2023
1,1/28/2023
1,2/13/2023
2,1/20/2023
1,1/4/2023
4,2/26/2023
3,1/2/2023
5,3/11/2023
7,1/18/2023
4,1/16/2023
5,1/16/2023
4,1/11/2023
6,3/14/2023
4,3/20/2023
10,2/12/2023
3,3/16/2023
8,1/8/2023
3,3/8/2023
4,2/6/2023
7,1/2/2023
7,1/12/2023
8,2/17/2023
10,3/22/2023
2,3/2/2023
6,3/30/2023
1,1/30/2023
2,3/3/2023
4,2/17/2023
1,3/13/2023
2,2/9/2023
3,2/26/2023
10,2/16/2023
6,2/6/2023
10,2/9/2023
3,3/13/2023
7,1/24/2023
1,2/4/2023
5,2/9/2023
3,1/21/2023
3,3/19/2023
3,1/9/2023
6,3/11/2023
8,3/11/2023
5,2/19/2023
9,1/18/2023
9,3/15/2023
2,1/25/2023
7,1/20/2023
1,2/21/2023
8,1/20/2023
10,2/28/2023
8,1/1/2023
7,2/17/2023
10,2/24/2023
2,3/9/2023
7,2/13/2023
5,2/12/2023
10,1/3/2023
10,3/16/2023
6,2/17/2023
6,2/19/2023
7,3/22/2023
4,3/12/2023
2,1/31/2023
5,1/22/2023
5,2/24/2023
3,2/17/2023
6,2/19/2023
6,3/18/2023
8,1/30/2023
5,1/30/2023
6,1/10/2023
8,2/2/2023
9,3/12/2023
2,3/9/2023
4,2/15/2023
8,3/8/2023
9,3/15/2023
8,1/26/2023
10,2/11/2023
8,3/18/2023
5,1/11/2023
2,1/8/2023
1,1/24/2023
1,1/9/2023
4,3/17/2023
6,3/17/2023
1,1/11/2023
10,1/11/2023
9,4/1/2023
10,1/19/2023
7,2/24/2023
9,2/9/2023
1,3/16/2023
5,2/28/2023
3,3/7/2023
6,3/26/2023
9,3/16/2023
10,2/13/2023
8,1/20/2023
2,1/14/2023
3,1/10/2023
4,1/18/2023
2,1/10/2023
3,1/4/2023
3,2/17/2023
8,2/22/2023
5,1/28/2023
10,2/14/2023
1,3/17/2023
8,3/1/2023
5,2/20/2023
8,1/24/2023
8,2/26/2023
3,2/16/2023
6,3/27/2023
2,1/1/2023
9,2/20/2023
